INSERT OR IGNORE INTO users (id, email, first_name, last_name) VALUES
    (1, 'admin@beta.lightandsound.design', 'Add', 'Min'),
    (2, 'writer@beta.lightandsound.design', 'Wri', 'Ter'),
    (3, 'user1@beta.lightandsound.design', 'User1', 'One'),
    (4, 'user2@beta.lightandsound.design', 'User2', 'Two'),
    (5, 'user3@beta.lightandsound.design', 'User3', 'Three');

INSERT OR IGNORE INTO user_history (user_id, version, email, first_name, last_name, phone)
    SELECT id AS user_id, 0 AS version, email, first_name, last_name, phone
    FROM users;

INSERT OR IGNORE INTO user_roles (user_id, role) VALUES
    (1, 'admin'),
    (1, 'writer'),
    (2, 'writer');

INSERT OR IGNORE INTO session_tokens (user_id, token) VALUES
    (1, '91acde7529be7cf7'),
    (2, '2e2a134702ce9c1c'),
    (3, '7bb038c99877731d'),
    (4, 'aa765c35ba99434b'),
    (5, 'd82952210bb78d53');

INSERT OR IGNORE INTO lists (id, name, description) VALUES
    (1, 'Newsletter', 'the Studio newsletter!'),
    (2, 'Test Group 1', 'the Studio test group 1!'),
    (3, 'Test Group 2', 'the Studio test group 2!');
INSERT OR IGNORE INTO list_members (list_id, user_id) VALUES
    (1, 1),
    (1, 2),
    (1, 3),
    (1, 4),
    (1, 5),
    (2, 3),
    (2, 4),
    (2, 5),
    (3, 1);

INSERT OR IGNORE INTO events (id, title, slug, description_html, description_updated_at, start, end, capacity, unlisted) VALUES
    (1, 'An upcoming person will Present Sounds', 'upcoming-present-sounds', 'An upcoming person will present sounds.', '2024-01-01 00:00:00', '2026-07-31 23:00:00', '2026-08-01 03:00:00', 2, 0),
    (4, 'Another upcoming person will Present Sounds', 'upcoming-present-sounds-2', 'An upcoming person will present sounds.', '2024-01-01 00:00:00', '2026-08-31 23:00:00', '2026-09-01 03:00:00', 2, 0),
    (3, 'A past person will Present Sounds', 'past-present-sounds', 'A past person will present sounds.', '2024-01-01 00:00:00', '2024-08-14 23:00:00', '2024-08-15 03:00:00', 2, 0),
    (2, 'Another past person will Present Sounds', 'past-present-sounds-2', 'A past person will present sounds.', '2024-01-01 00:00:00', '2024-07-14 23:00:00', '2024-07-15 03:00:00', 2, 0);
INSERT OR IGNORE INTO spots (id, name, description, qty_total, qty_per_person, kind, sort, required_contribution, min_contribution, max_contribution, suggested_contribution, required_notice_hours) VALUES
    (1, 'Free!', 'Brand new cherry red ferrarri!', 1, 1, 'free', 0, NULL, NULL, NULL, NULL, NULL),
    (2, 'Accessibility Contribution', 'When I pay less, I know I am letting my community hold me and support me.', 2, 1, 'fixed', 1, 20, NULL, NULL, NULL, NULL),
    (3, 'Standard Contribution', 'When I pay in the suggested amount, I know I am helping the organizers cover costs.', 10, 4, 'fixed', 2, 25, NULL, NULL, NULL, NULL),
    (4, 'Sustainability Contribution', 'When I pay more, I know that I am helping others to access the event and doing my part to make sure that the studio can continue it''s accessibility model.', 10, 4, 'fixed', 3, 30, NULL, NULL, NULL, NULL),
    (5, 'Work Trade', 'When I volunteer my time, I know that I am contributing a valuable resource to my community.', 2, 1, 'work', 4, NULL, NULL, NULL, NULL, 4),
    (6, 'Standard Contribution', 'When I pay in the suggested amount, I know I am helping the organizers cover costs.', 10, 4, 'fixed', 2, 25, NULL, NULL, NULL, NULL);
INSERT OR IGNORE INTO event_spots (event_id, spot_id) VALUES
    (1, 1),
    (1, 2),
    (1, 3),
    (1, 4),
    (1, 5),
    (2, 6);

INSERT OR IGNORE INTO posts (id, title, slug, author, content) VALUES
    (1, '[4.16-4.30]', '41643025', 'LSD', '<p>Lorem ipsum dolor sit amet, consectetur adipiscing elit. Praesent eu ultricies dui. Morbi sit amet vestibulum urna, eget elementum justo. In tincidunt mattis consequat. Etiam dapibus blandit ipsum, vel vehicula nibh pellentesque sed. Vivamus et luctus est. Ut at vulputate massa, a tincidunt odio. Nunc mattis aliquam felis, non gravida eros tristique eget.</p><p><br></p><p>Nunc odio lorem, vestibulum vel purus a, egestas auctor est. Fusce id ligula ac turpis mattis gravida. Fusce orci leo, pulvinar at iaculis et, efficitur ac dui. Nulla facilisi. Class aptent taciti sociosqu ad litora torquent per conubia nostra, per inceptos himenaeos. Aliquam rhoncus dignissim purus et varius. Donec facilisis ipsum a sapien accumsan porta. Suspendisse ultrices ac ipsum sit amet dictum. Morbi quis purus fringilla orci congue venenatis. Curabitur ex mauris, semper auctor enim ut, hendrerit vulputate erat. Pellentesque imperdiet, tortor id pharetra tempus, ante ipsum semper ligula, ac tincidunt lacus risus nec est. Proin vel arcu interdum, aliquam augue nec, feugiat velit. Aenean gravida vestibulum nulla ac rutrum. Vivamus nunc neque, egestas vitae nulla malesuada, fermentum egestas mauris. Mauris sollicitudin vehicula urna, id convallis risus vestibulum a. Pellentesque consequat interdum commodo.</p><p><br></p><p><a href="https://www.eventcreate.com/e/fieldtalk-will-present">4.17 | fieldtalk will Present Sounds</a></p><p><br></p><p><img src="https://eventcreate-v1.s3.us-west-1.amazonaws.com/uploads%2Fa6e72c8a-7be2-4859-9828-9d3cdd5a6653%2FE15FC999.jpg"></p><p><br></p><p>In auctor erat ut fermentum lacinia. Curabitur pulvinar dui magna, a euismod mi aliquet at. Duis non lectus eget est tincidunt vulputate. Nunc sit amet ante elit. Proin maximus odio nec hendrerit malesuada. Curabitur finibus ornare elit ac tempor. Curabitur scelerisque malesuada purus, tristique suscipit justo molestie at. In hac habitasse platea dictumst.</p><p><br></p><p><a href="https://www.eventcreate.com/e/zen-echo-vol-6">4.18 | Zen / Echo</a>&nbsp;</p><p><br></p><p><img src="https://eventcreate-v1.s3.us-west-1.amazonaws.com/uploads%2F4452a7b0-93b4-45e0-a929-a95aff3aa049%2Fzen04182025.jpg"></p><p><br></p><p>Pellentesque habitant morbi tristique senectus et netus et malesuada fames ac turpis egestas. Nullam tincidunt est est, ac feugiat mi maximus sit amet. Sed nec convallis nunc. Duis hendrerit arcu at nisl bibendum tempor. Sed tincidunt venenatis odio, at lobortis dolor sagittis a. Integer in ultrices ipsum. In nec dui a dui gravida scelerisque malesuada vel nunc. Mauris eu tellus et arcu blandit ultrices.</p><p><br></p><p><a href="https://www.eventcreate.com/e/acellosbanquet">4.19 | A Cello''s Banquet</a></p><p><br></p><p><img src="https://eventcreate-v1.s3.us-west-1.amazonaws.com/uploads%2Ff0dd5d08-a56d-43f6-812f-26eacdfba398%2FA+Cello%27s+Banquet+%281%29.png"></p><p><br></p><p>Maecenas non elementum erat. Vivamus nibh arcu, auctor sit amet turpis sed, volutpat blandit lorem. Praesent eros nisl, varius et ligula sit amet, molestie rutrum ipsum. Integer tempus erat sit amet odio vehicula suscipit. Donec id purus ornare, interdum leo ac, sollicitudin quam. In hac habitasse platea dictumst. Duis nulla magna, dapibus id tellus vel, lobortis dignissim dui. Aenean vehicula, turpis ac scelerisque scelerisque, velit ex scelerisque ex, non gravida mauris mauris non magna. Etiam a facilisis purus, quis tincidunt lacus. Maecenas erat dui, volutpat non tempus non, gravida elementum libero. Nullam quis dapibus lacus, non faucibus odio. Aliquam in lorem metus.</p>'),
    (2, '[4.30-5.13]', '43051325', 'LSD', '<p>Lorem ipsum dolor sit amet, consectetur adipiscing elit. Maecenas pharetra placerat velit ut pulvinar. Aenean imperdiet neque a neque vehicula consequat. Maecenas vel libero id nisl tincidunt dignissim ac ac ex. Phasellus congue felis ut neque interdum, at aliquet nunc consequat. Nullam posuere enim nec erat varius, nec semper sapien elementum. Pellentesque habitant morbi tristique senectus et netus et malesuada fames ac turpis egestas. Cras semper turpis vitae malesuada aliquet.</p><p><br></p><p>Aliquam orci purus, fringilla sit amet aliquam vel, porttitor quis nisl. Phasellus eget eros volutpat lorem luctus luctus in in augue. Ut convallis nibh ut suscipit placerat. Donec at diam eget diam convallis porttitor. Donec augue urna, rutrum at velit a, venenatis ornare massa. Ut elementum dapibus ultricies. Vivamus bibendum turpis quis rhoncus volutpat. Pellentesque habitant morbi tristique senectus et netus et malesuada fames ac turpis egestas. Aliquam nec lacus in quam luctus convallis sit amet vitae justo. Etiam sed blandit purus, tincidunt ultrices lacus. Cras eget elit malesuada, luctus magna ac, lobortis elit. Sed sit amet risus ut justo tempus lobortis nec non libero. Praesent hendrerit risus ac tempus suscipit. In vulputate, nunc ut iaculis varius, nibh massa dapibus velit, nec ultrices dui elit et sapien.</p><p><br></p><p>Cras ac turpis at eros euismod viverra. Nulla id metus a velit consectetur rhoncus. Nulla sagittis neque elit, at pretium dolor laoreet at. Nam feugiat leo non eleifend porta. Maecenas eget felis ullamcorper, venenatis magna sed, facilisis nibh. Class aptent taciti sociosqu ad litora torquent per conubia nostra, per inceptos himenaeos. Aenean vehicula rutrum finibus. Sed lacinia neque sed mauris pellentesque, ut mattis quam tempor. Ut lacinia lacus dui, ac rhoncus odio vulputate sagittis. Suspendisse nec ultrices ligula, ac sagittis lorem. Mauris porttitor, urna rhoncus efficitur eleifend, leo erat rhoncus justo, ut sagittis eros lectus non magna. Nulla nec sapien a nulla scelerisque fringilla eu gravida velit. Vestibulum vehicula dictum lectus.</p><p><br></p><p><a href="https://www.eventcreate.com/e/abela">5.30 | A.B.E.L.A.</a></p><p><br></p><p><img src="https://eventcreate-v1.s3.us-west-1.amazonaws.com/uploads%2F54035f72-ede0-498b-ae08-8d9ac59e6f3a%2Fmdtabelalsd.jpg"></p><p><br></p><p>Integer eget lacus sed sem vehicula malesuada. Pellentesque quis maximus justo. Phasellus viverra sodales elit ac egestas. Proin dapibus et nisl a consequat. Nunc id sem vitae mauris mattis consectetur. Donec at semper ipsum, ut faucibus elit. Nunc et condimentum lorem. Sed vulputate sollicitudin bibendum. Maecenas hendrerit urna vel cursus dictum. Suspendisse eu nibh quis augue ornare dignissim. Aenean ante justo, sagittis ac dolor at, feugiat interdum odio. Mauris nec dignissim nisi, at luctus nisl. Etiam ultricies vulputate volutpat.</p><p><br></p><p><a href="https://www.eventcreate.com/e/david-first-will-present-vol3">5.1 | David First will Present Sounds</a></p><p><br></p><p><img src="https://eventcreate-v1.s3.us-west-1.amazonaws.com/uploads%2F64951f17-d02c-4bca-afb1-3ebdd698e55f%2Fminimalee.png"></p><p><br></p><p>In blandit tincidunt lorem vel euismod. Nulla blandit, arcu eu ullamcorper iaculis, est augue volutpat nulla, eget tincidunt dolor mi ac sapien. Morbi porta aliquam mollis. Phasellus efficitur turpis a justo luctus, sit amet fermentum quam tincidunt. Cras tortor risus, rutrum eget sem ut, cursus rhoncus justo. Maecenas sollicitudin sodales maximus. Aenean in tortor viverra, imperdiet tortor et, finibus mauris. Sed euismod turpis sed enim lobortis accumsan. Donec vehicula pharetra est nec vulputate. Cras sit amet massa in enim fringilla ornare nec sed ex. Etiam vel sapien metus. Quisque vehicula cursus ipsum et volutpat. Nunc tincidunt venenatis ante, non cursus arcu congue euismod. Curabitur a lectus eleifend, convallis nunc quis, lacinia metus. Pellentesque vel erat in dolor porttitor rhoncus.</p><p><br></p><p><a href="https://www.eventcreate.com/e/xhibit">5.2 | Xhibit: A Community Arts Salon</a></p><p><br></p><p><img src="https://eventcreate-v1.s3.us-west-1.amazonaws.com/uploads%2Fca46fbaa-1a81-49c3-8e0f-d0869f5117ea%2FWhatsApp+Image+2025-03-07+at+5.34.41+AM.jpeg"></p><p><br></p><p>Phasellus fermentum leo dui, quis ultricies est sodales et. Donec sit amet arcu quis quam vehicula varius. Mauris sagittis interdum arcu et tempus. Integer eu enim nec dui feugiat consequat et ut lacus. Suspendisse sit amet ullamcorper mauris, rhoncus pulvinar odio. Fusce at metus mattis, sollicitudin sapien in, tempus ante. Nulla placerat nibh eu est eleifend maximus. Etiam quis libero sit amet risus pharetra aliquam. In felis metus, commodo in mattis in, mollis sed nisl. Nulla pharetra turpis at eleifend lobortis. Aenean finibus, massa vel tristique euismod, magna est mattis nibh, lobortis ultrices neque arcu aliquam sem. Phasellus quam nisl, varius et tristique vitae, aliquam id elit. Fusce dapibus libero et tortor luctus tristique. Suspendisse quis ligula purus. Nullam vitae augue quam.</p>'),
    (3, '[5.14-5.20]', '51452025', 'LSD', '<p>Nulla at sapien at tortor feugiat aliquam id quis nisl. Donec posuere nec justo sed molestie. Fusce ac ante justo. Morbi vitae magna eget velit vestibulum varius sed sit amet eros. Proin vestibulum sed erat eget volutpat. Vivamus non tincidunt diam, sed consectetur leo. Nunc felis ante, hendrerit et arcu rhoncus, sagittis vestibulum nisl.</p><p><br></p><p>Donec accumsan sapien tincidunt, suscipit tellus ut, ultricies tellus. Proin eu ex bibendum lacus mollis malesuada. Morbi dictum enim nec purus volutpat euismod. Ut interdum lacinia est et interdum. Fusce erat est, tincidunt non ipsum vitae, ullamcorper blandit velit. Phasellus pretium quam sed libero ullamcorper, at faucibus ante vulputate. Fusce egestas consequat massa at bibendum. Etiam euismod augue neque, id dictum ex facilisis vel.</p><p><br></p><p><a href="https://www.eventcreate.com/e/jason-ben-yaz-amelia">5.7 | Jason Lindner x Currency Audio, Ben Shirken, Yaz Lancaster, Amelia Holt</a>&nbsp;</p><p><br></p><p><img src="https://eventcreate-v1.s3.us-west-1.amazonaws.com/uploads%2Fd3169c61-6c70-4776-823e-b657468a563d%2F475A4C8A-D46D-4C6E-AE9C-3228F258BE0D.jpeg"></p><p><br></p><p>Integer massa erat, eleifend molestie condimentum in, aliquam quis tellus. Aliquam sodales id ante id vulputate. Sed et purus et nisl blandit ullamcorper. Donec quis posuere risus. Nam pellentesque mollis lacus, ut suscipit quam iaculis id. Quisque massa lacus, blandit non venenatis nec, eleifend sed eros. Proin mollis ultrices ultrices. Suspendisse nec viverra dolor. Proin hendrerit tortor quam, non tempus mauris aliquet vel. Orci varius natoque penatibus et magnis dis parturient montes, nascetur ridiculus mus.</p><p><br></p><p><a href="https://www.eventcreate.com/e/writing-on-raving">5.14 | Writing on Raving Book Launch</a></p><p><br></p><img src="https://eventcreate-v1.s3.us-west-1.amazonaws.com/uploads%2Fce496aec-d65d-405f-b73d-be842e55ad79%2FMay14_Flier+%281%29.jpg"><p><br></p><p><i>Mauris orci leo, commodo vel erat in, fermentum consectetur magna. Duis dignissim dapibus sapien. Curabitur non sem a augue ultrices rutrum mattis vitae lorem. Quisque luctus, mauris non dapibus vulputate, mauris lacus tincidunt erat, nec efficitur metus erat ac eros. Integer maximus dui sed iaculis porttitor. Sed ipsum libero, mattis eget dui id, rhoncus tempus mi. Quisque pulvinar purus ac ante posuere semper.</i></p><p><i><br></i></p><p>Cras enim neque, luctus in mi eget, pulvinar semper neque. Mauris erat nibh, facilisis quis maximus ac, malesuada sed dui. Ut vitae consectetur nisi, eu commodo dolor. Vestibulum at tempor massa, et aliquam metus. Praesent et nunc a turpis aliquet euismod eu et ex. Aenean a gravida odio. Nullam at urna lobortis, vulputate nunc at, congue enim. Vivamus id enim et libero convallis accumsan non at dolor. Suspendisse tincidunt ligula aliquam, iaculis arcu vel, lobortis nisi. Morbi euismod, lectus sed suscipit imperdiet, nunc quam faucibus neque, vel congue libero metus volutpat risus. Nam semper a nulla vitae cursus. Curabitur justo tortor, lacinia id consectetur sed, maximus nec mi. Maecenas pretium neque ac erat dignissim, sit amet interdum justo aliquam. Proin commodo diam sed molestie porttitor.</p><p><br></p><p><a href="https://www.eventcreate.com/e/akanbi-will-present-sound">5.15 | Akanbi will Present Sounds</a></p><p><br></p><p><img src="https://eventcreate-v1.s3.us-west-1.amazonaws.com/uploads%2Fdf84e934-3a07-49c6-b9f9-a8fdcf29d65b%2FUntitled-3.jpg"></p><p><br></p><p>Vestibulum pretium facilisis enim, vel iaculis justo faucibus nec. Pellentesque gravida dolor sit amet sapien egestas, non mattis elit varius. Morbi sollicitudin magna nec pretium suscipit. Aenean cursus ultricies nunc, eget fermentum orci placerat molestie. Proin volutpat convallis lorem, non ultricies quam fringilla in. Curabitur quis odio non nibh facilisis convallis. Maecenas a sagittis urna. Nunc at tempor erat, vitae gravida lorem. Nunc quis mi turpis. Aliquam mi ex, interdum pretium consequat non, dictum ut libero. Donec mattis condimentum auctor. Vivamus consectetur scelerisque metus, non pellentesque odio feugiat a. Sed suscipit feugiat libero nec dictum. Nullam porta tincidunt molestie. Curabitur placerat maximus dolor et hendrerit.</p><p><br></p><p><a href="https://www.eventcreate.com/e/handlewithcare">5.16 | Good Grief: Handle With Care</a></p><p><br></p><p><img src="https://eventcreate-v1.s3.us-west-1.amazonaws.com/uploads%2F654384ec-3593-4f28-8880-1c658b303129%2FHANDLE+WITH+CARE+FINAL+2.png"></p><p><br></p><p>Vestibulum feugiat, tellus dapibus maximus pellentesque, felis eros scelerisque purus, sit amet pretium turpis enim ut orci. Maecenas in facilisis leo, id interdum dui. Curabitur id mauris eu urna iaculis scelerisque non eget diam. Sed condimentum libero sed nulla efficitur, in commodo turpis rhoncus. Nam non elit imperdiet, convallis dolor sed, luctus sem. Nullam tempor nisl id odio pellentesque placerat eu et turpis. Donec dapibus non erat et ornare. Proin id porttitor urna. Nulla accumsan condimentum diam ac bibendum. Maecenas ante enim, bibendum non justo a, finibus consectetur dolor. Nunc condimentum et dolor at maximus. Curabitur eget ex justo. In vitae odio ac libero pulvinar semper sed non libero. Suspendisse risus orci, ultrices id commodo in, feugiat quis sem. Suspendisse in sem vitae purus vestibulum facilisis id in turpis. Ut facilisis nunc ut nunc condimentum volutpat.</p>');
